name,type,current_value,invested_value,asset_class,start_date
PPF Account (SBI),ppf,850000,700000,Debt,
EPF Account,epf,720000,650000,Debt,
HDFC Bank FD (5yr),fd,675000,500000,Debt,2022-01-15
SBI Tax Saver FD,fd,210000,150000,Debt,2021-04-10
NPS Tier-1 (Debt portion),nps,380000,250000,Debt,2021-06-01
SGB 2030 Series IV,sgb,220000,150000,Gold,2020-08-01
Digital Gold (MMTC-PAMP),digital_gold,45000,40000,Gold,2023-03-01
Embassy Office Parks REIT,reit,120000,100000,Real Estate,2021-11-01
Savings Account Buffer,cash,200000,200000,Cash,
